date,High
2024-05-15,0.454413105150909
2024-05-14,0.4380391597135403
2024-05-13,0.4528073720337543
2024-05-12,0.4429765358141171
2024-05-11,0.4508019547462983
2024-05-10,0.4684725495631098
2024-05-09,0.4644869586436067
2024-05-08,0.4669920184321917
2024-05-07,0.4560449029508509
2024-05-06,0.4750284268680708
2024-05-05,0.4658014398103724
2024-05-04,0.474664739872989
2024-05-03,0.4728988685442965
2024-05-02,0.4614323163875091
2024-05-01,0.4558432679591552
2024-04-30,0.4629997200755146
2024-04-29,0.4637430076776259
2024-04-28,0.4775283168472428
2024-04-27,0.4688233708157415
2024-04-26,0.4789625890841946
2024-04-25,0.4792589130299994
2024-04-24,0.5105698934502444
2024-04-23,0.5194574571949668
2024-04-22,0.5217941970936146
2024-04-21,0.512284096397035
2024-04-20,0.5071185107835334
2024-04-19,0.4748231913101132
2024-04-18,0.4599571166329894
2024-04-17,0.4644405686258252
2024-04-16,0.4767039649998107
2024-04-15,0.4939668579292848
2024-04-14,0.47681474922543
2024-04-13,0.51597569597329
2024-04-12,0.5926435262231263
2024-04-11,0.5945975309355283
2024-04-10,0.5938581960852275
2024-04-09,0.6230521275302687
2024-04-08,0.6166214078327515
2024-04-07,0.5963631325952512
2024-04-06,0.5890709244689986
2024-04-05,0.5847150277828332
2024-04-04,0.5964864002092266
2024-04-03,0.5939505629274249
2024-04-02,0.6213893551542767
2024-04-01,0.6517500967039183
2024-03-31,0.6539834261682317
2024-03-30,0.6687217881654982
2024-03-29,0.6672581931446258
2024-03-28,0.657733220409486
2024-03-27,0.670557692624975
2024-03-26,0.6825439226090231
2024-03-25,0.6672712611078085
2024-03-24,0.6480922728845158
2024-03-23,0.6387053867259627
2024-03-22,0.6424615227950554
2024-03-21,0.6475204131850739
2024-03-20,0.6428383599681349
2024-03-19,0.6645502045695696
2024-03-18,0.6967786397565117
2024-03-17,0.6871795888279739
2024-03-16,0.7334789487417935
2024-03-15,0.7610290785830303
2024-03-14,0.8061081006738464
2024-03-13,0.7710791016932871
2024-03-12,0.7730442160682256
2024-03-11,0.7860590129424668
2024-03-10,0.7433218253922557
2024-03-09,0.7458625739250035
2024-03-08,0.7540769485997014
2024-03-07,0.7540511164264881
2024-03-06,0.7536353443924463
2024-03-05,0.7788007065653774
2024-03-04,0.7979617708415796
2024-03-03,0.7412361674214235
2024-03-02,0.7627589946227401
2024-03-01,0.7183492242839791
2024-02-29,0.7034754382698294
2024-02-28,0.6578201942982302
2024-02-27,0.6293253923456072
2024-02-26,0.6218958575091582
2024-02-25,0.6008175906629875
2024-02-24,0.5998098296114902
2024-02-23,0.5949717007339922
2024-02-22,0.6075828738177264
2024-02-21,0.6224517455929983
2024-02-20,0.6393314581321301
2024-02-19,0.6373786360901199
2024-02-18,0.637450132165537
2024-02-17,0.6090177463059562
2024-02-16,0.611483634460045
2024-02-15,0.6101930358344759
2024-02-14,0.5800902554846413
2024-02-13,0.5640428434146788
2024-02-12,0.5649199951872674
2024-02-11,0.5651868685751613
2024-02-10,0.5567890405468802
2024-02-09,0.5473296128010295
2024-02-08,0.5345842367369636
2024-02-07,0.5021104740162392
2024-02-06,0.5036753158267273
2024-02-05,0.5046791142272814
2024-02-04,0.5118890761302561
2024-02-03,0.5245883301197695
2024-02-02,0.5235106981577803
2024-02-01,0.506791618089313
2024-01-31,0.5194182473109575
2024-01-30,0.535743276169989
2024-01-29,0.5274540068416278
2024-01-28,0.4996114207161627
2024-01-27,0.4897422792131545
2024-01-26,0.489705990103982
2024-01-25,0.482459719618865
2024-01-24,0.4794697711035804
2024-01-23,0.4857506583937975
2024-01-22,0.5058699153396787
2024-01-21,0.5201682061747794
2024-01-20,0.5176473985842508
2024-01-19,0.5035075314130656
2024-01-18,0.5277240680841032
2024-01-17,0.5391595575204123
2024-01-16,0.5465935642584672
2024-01-15,0.5409798368228911
2024-01-14,0.5501784129828592
2024-01-13,0.5533383437310418
2024-01-12,0.5877989275368919
2024-01-11,0.6148220769967782
2024-01-10,0.587743463957508
2024-01-09,0.5425943500184092
2024-01-08,0.5420771506913532
2024-01-07,0.5301875239771323
2024-01-06,0.542022823266868
2024-01-05,0.5718616057989849
2024-01-04,0.5776132488081002
2024-01-03,0.6179002820870729
2024-01-02,0.6355249221475755
2024-01-01,0.623636636081038
2023-12-31,0.6093511324364321
2023-12-30,0.6124041587671089
2023-12-29,0.6248387212583032
2023-12-28,0.6751333360229733
2023-12-27,0.6423097172047845
2023-12-26,0.6274323955911378
2023-12-25,0.6334789047358824
2023-12-24,0.6267041690611949
2023-12-23,0.6223751047608612
2023-12-22,0.6506935898804699
2023-12-21,0.6379059888525973
2023-12-20,0.6085096153490634
2023-12-19,0.6170585524930632
2023-12-18,0.6004184116990776
2023-12-17,0.6143945892275721
2023-12-16,0.6248142659328029
2023-12-15,0.653472916332683
2023-12-14,0.6769583164133965
2023-12-13,0.6755415199381752
2023-12-12,0.6039739731275127
2023-12-11,0.5977493076930034
2023-12-10,0.6135916241837861
2023-12-09,0.6440529937603765
2023-12-08,0.5657524922358075
2023-12-07,0.4591753960790556
2023-12-06,0.4540610815479079
2023-12-05,0.4256762732898655
2023-12-04,0.4144525273381371
2023-12-03,0.4029828558315951
2023-12-02,0.3979847776704627
2023-12-01,0.3853608788342731
2023-11-30,0.3825937279023876
2023-11-29,0.3889360923937826
2023-11-28,0.3877037195939877
2023-11-27,0.3915655029846346
2023-11-26,0.3954919170843101
2023-11-25,0.3956378707063693
2023-11-24,0.3970159273988886
2023-11-23,0.3872345915978175
2023-11-22,0.3870933555796409
2023-11-21,0.3892035413529951
2023-11-20,0.399334181743251
2023-11-19,0.3850165562339825
2023-11-18,0.3780641233425545
2023-11-17,0.3782728188676426
2023-11-16,0.4086070628302126
2023-11-15,0.3792796704320652
2023-11-14,0.3717759873773456
2023-11-13,0.3886330008902701
2023-11-12,0.3907064766119917
2023-11-11,0.3942627240635273
2023-11-10,0.3867718639633549
2023-11-09,0.3857313474384531
2023-11-08,0.3598117030103649
2023-11-07,0.3651101076893202
2023-11-06,0.374716473024603
2023-11-05,0.3502441711623396
2023-11-04,0.3304341780452912
2023-11-03,0.3291857122380218
2023-11-02,0.3285480667099283
2023-11-01,0.3087008577208417
2023-10-31,0.3047212074239876
2023-10-30,0.3030511632372314
2023-10-29,0.2987408255276238
2023-10-28,0.2976065994613323
2023-10-27,0.2917761179442683
2023-10-26,0.2967113350875576
2023-10-25,0.2888900486447247
2023-10-24,0.2923487012244565
2023-10-23,0.2793340524267406
2023-10-22,0.263406325794338
2023-10-21,0.2607156723324829
2023-10-20,0.2521487442986169
2023-10-19,0.2458855601663727
2023-10-18,0.2471081507734671
2023-10-17,0.2514580218084151
2023-10-16,0.2565950719954175
2023-10-15,0.2482123741351575
2023-10-14,0.246961486449691
2023-10-13,0.2483554187595112
2023-10-12,0.2481263089379374
2023-10-11,0.249577437553982
2023-10-10,0.2527465103501417
2023-10-09,0.258457737898059
2023-10-08,0.2590556452645706
2023-10-07,0.2657850320157462
2023-10-06,0.2658100019163626
2023-10-05,0.2632491376547404
2023-10-04,0.260928815995318
2023-10-03,0.2641544719644206
2023-10-02,0.2687268931781888
2023-10-01,0.2667773412627848
2023-09-30,0.2541117704595232
2023-09-29,0.2551396782290451
2023-09-28,0.24966993449556
2023-09-27,0.2474890351820651
2023-09-26,0.2472835137740605
2023-09-25,0.245808469666024
2023-09-24,0.2466254645478945
2023-09-23,0.2468132906975284
2023-09-22,0.2464637163408859
2023-09-21,0.2530827465676988
2023-09-20,0.2559924070175606
2023-09-19,0.2572305301318121
2023-09-18,0.2557147635163775
2023-09-17,0.2511216217091919
2023-09-16,0.2537919587525639
2023-09-15,0.2545662754582263
2023-09-14,0.2519738180365581
2023-09-13,0.2496148638039474
2023-09-12,0.2513513466461501
2023-09-11,0.2495309012318964
2023-09-10,0.2531840615641669
2023-09-09,0.2554866319279869
2023-09-08,0.259137653383483
2023-09-07,0.2586390396936315
2023-09-06,0.2595109285468219
2023-09-05,0.2585307489805957
2023-09-04,0.2594102779177766
2023-09-03,0.257084306695986
2023-09-02,0.2572258796676573
2023-09-01,0.2586588901411268
2023-08-31,0.2657612546794053
2023-08-30,0.2719020295363292
2023-08-29,0.2779716612425817
2023-08-28,0.267417323480397
2023-08-27,0.2648212423107032
2023-08-26,0.2618249377147728
2023-08-25,0.2697882178714448
2023-08-24,0.2705969489272076
2023-08-23,0.2690404829054972
2023-08-22,0.2632759860158097
2023-08-21,0.2723206405451362
2023-08-20,0.2728431558895537
2023-08-19,0.2695277572206912
2023-08-18,0.2667536723461161
2023-08-17,0.2779448828935847
2023-08-16,0.2826228433320727
2023-08-15,0.2908354434263184
2023-08-14,0.2922100918211671
2023-08-13,0.2934581545604764
2023-08-12,0.2945428090203298
2023-08-11,0.2972583146474877
2023-08-10,0.3014912351460946
2023-08-09,0.3020641017398722
2023-08-08,0.3019493749031002
2023-08-07,0.2967515918444788
2023-08-06,0.2977010618296644
2023-08-05,0.2950725540827671
2023-08-04,0.296865747116659
2023-08-03,0.300858079153834
2023-08-02,0.3114247688149286
2023-08-01,0.30979937818422
2023-07-31,0.3177761141055083
2023-07-30,0.3178486944868781
2023-07-29,0.3140648239822213
2023-07-28,0.3126742523874971
2023-07-27,0.3130961853127515
2023-07-26,0.3103607439070908
2023-07-25,0.3074210648881816
2023-07-24,0.3188065141670476
2023-07-23,0.3184197903958002
2023-07-22,0.3148604124300764
2023-07-21,0.3181574449173325
2023-07-20,0.3313620759197854
2023-07-19,0.3253473978455183
2023-07-18,0.3138132546409984
2023-07-17,0.3195898767859892
2023-07-16,0.3277485991173763
2023-07-15,0.3368952688607706
2023-07-14,0.3752136532860488
2023-07-13,0.3589412309317222
2023-07-12,0.2947301870206727
2023-07-11,0.2934667802898131
2023-07-10,0.2924340935121345
2023-07-09,0.2913702943262194
2023-07-08,0.2926119030517561
2023-07-07,0.2848970053168016
2023-07-06,0.2940358742818019
2023-07-05,0.2957284067375035
2023-07-04,0.3005297550421371
2023-07-03,0.2990750941378239
2023-07-02,0.2932031928319774
2023-07-01,0.2924181831941151
2023-06-30,0.2985372633753968
2023-06-29,0.2776996653291791
2023-06-28,0.2855019878949761
2023-06-27,0.2891545139366467
2023-06-26,0.2917263136110422
2023-06-25,0.3044351172736679
2023-06-24,0.2970119357071868
2023-06-23,0.3020728468927633
2023-06-22,0.3043877654109232
2023-06-21,0.2883467675087335
2023-06-20,0.2702008736597595
2023-06-19,0.2634246129938856
2023-06-18,0.2688420697138277
2023-06-17,0.2729958784954209
2023-06-16,0.266738329495147
2023-06-15,0.2653237088151451
2023-06-14,0.2769853980973621
2023-06-13,0.2872133945226695
2023-06-12,0.2853458681324134
2023-06-11,0.2787532571318695
2023-06-10,0.2947731484631432
2023-06-09,0.3242692232205389
2023-06-08,0.3305181585787225
2023-06-07,0.3533286654162505
2023-06-06,0.3560031478471779
2023-06-05,0.3793794958965237
2023-06-04,0.382122136996896
2023-06-03,0.378387977455759
2023-06-02,0.3793418220257499
2023-06-01,0.3756297686229016
2023-05-31,0.3804715735953505
2023-05-30,0.3835204215323208
2023-05-29,0.3862992879355134
2023-05-28,0.3840849433619738
2023-05-27,0.3677049890374638
2023-05-26,0.3662300591871537
2023-05-25,0.364755354355583
2023-05-24,0.3706358299909197
2023-05-23,0.3753316441794307
2023-05-22,0.3725310623993422
2023-05-21,0.3674735275234246
2023-05-20,0.3682616977168279
2023-05-19,0.3729106950173921
2023-05-18,0.379976027552002
2023-05-17,0.3795513963020646
2023-05-16,0.3700289699385948
2023-05-15,0.3758031763462592
2023-05-14,0.3732538044722327
2023-05-13,0.3705945015532391
2023-05-12,0.3701828679351761
2023-05-11,0.3699334767997838
2023-05-10,0.3728715934014712
2023-05-09,0.3708146646532701
2023-05-08,0.3822952270095975
2023-05-07,0.3844173482323498
2023-05-06,0.3969885945149882
2023-05-05,0.3967880167628057
2023-05-04,0.3964236050032996
2023-05-03,0.394631772547758
2023-05-02,0.3949039900989498
2023-05-01,0.3979085028841
2023-04-30,0.4146904822324096
2023-04-29,0.4077861849859397
2023-04-28,0.410867076627176
2023-04-27,0.4179325566582631
2023-04-26,0.4160667678950607
2023-04-25,0.3953052758259112
2023-04-24,0.3965241485189956
2023-04-23,0.3959270353894643
2023-04-22,0.3988969509043647
2023-04-21,0.4065387465374478
2023-04-20,0.4214439037293799
2023-04-19,0.4436472657132001
2023-04-18,0.447877342261786
2023-04-17,0.4518619105376708
2023-04-16,0.4578245020087693
2023-04-15,0.4605649602824397
2023-04-14,0.4434785194804272
2023-04-13,0.4287151575769157
2023-04-12,0.4067305234867145
2023-04-11,0.411600676150669
2023-04-10,0.3973616821706927
2023-04-09,0.3929045197641111
2023-04-08,0.3902684220274892
2023-04-07,0.3850300299878712
2023-04-06,0.3924112469597897
2023-04-05,0.3998960320328298
2023-04-04,0.3987113329209981
2023-04-03,0.4035841281988301
2023-04-02,0.3927843916671439
2023-04-01,0.401633455501749
2023-03-31,0.4077019663947842
2023-03-30,0.386414656814743
2023-03-29,0.3895874223584861
2023-03-28,0.3693350953642515
2023-03-27,0.3568817142260434
2023-03-26,0.3616848420600735
2023-03-25,0.3630793375009248
2023-03-24,0.3725682186528168
2023-03-23,0.3826664506981985
2023-03-22,0.3866440317511177
2023-03-21,0.3855127944666565
2023-03-20,0.3466490067764969
2023-03-19,0.3529124031037844
2023-03-18,0.3561023276673162
2023-03-17,0.3500105758549668
2023-03-16,0.3290932601126445
2023-03-15,0.3474999296408552
2023-03-14,0.3674807431518652
2023-03-13,0.3517973993831488
2023-03-12,0.3310500491222722
2023-03-11,0.3235040085267076
2023-03-10,0.3177019835813829
2023-03-09,0.3213851466824298
2023-03-08,0.3323751776408669
2023-03-07,0.33445478968763
2023-03-06,0.3387139076183558
2023-03-05,0.3426085787865503
2023-03-04,0.344191318774404
2023-03-03,0.3505739344084764
2023-03-02,0.3609392024276665
2023-03-01,0.3637985031993584
2023-02-28,0.3678304623004554
2023-02-27,0.3700348001802872
2023-02-26,0.3703377073683301
2023-02-25,0.3674792333647296
2023-02-24,0.3851091787766936
2023-02-23,0.3945842637568467
2023-02-22,0.3927783689090545
2023-02-21,0.4053449304429984
2023-02-20,0.4093631475922858
2023-02-19,0.4114712171081116
2023-02-18,0.4158298363011878
2023-02-17,0.4095505324984181
2023-02-16,0.4179160714540722
2023-02-15,0.4177761856914672
2023-02-14,0.3918140068117423
2023-02-13,0.3657705664596764
2023-02-12,0.3735980840577392
2023-02-11,0.3699699539359815
2023-02-10,0.3653853360024131
2023-02-09,0.3962736988579837
2023-02-08,0.4029239428255899
2023-02-07,0.3997874366876258
2023-02-06,0.4031769759934631
2023-02-05,0.4028894542527916
2023-02-04,0.4061804696581563
2023-02-03,0.4074963601443898
2023-02-02,0.4131669365226283
2023-02-01,0.3992672001606675
2023-01-31,0.3940257894875963
2023-01-30,0.3965547900488454
2023-01-29,0.397057485072713
2023-01-28,0.3963888665232931
2023-01-27,0.3892829271733459
2023-01-26,0.3848040234263569
2023-01-25,0.3777554368788919
2023-01-24,0.3815647991807937
2023-01-23,0.3821058172077917
2023-01-22,0.3848535337533512
2023-01-21,0.3785757289763594
2023-01-20,0.3629521862860888
2023-01-19,0.3423638066367704
2023-01-18,0.3538427454024601
2023-01-17,0.355479597201226
2023-01-16,0.3621751605223229
2023-01-15,0.3524252520265397
2023-01-14,0.3686301548323893
2023-01-13,0.3488260691912888
2023-01-12,0.3334675471831841
2023-01-11,0.3233697376052224
2023-01-10,0.3243209881513096
2023-01-09,0.3370402374369035
2023-01-08,0.2947690482708328
2023-01-07,0.2813233257858921
2023-01-06,0.2797640684087315
2023-01-05,0.2700278450634653
2023-01-04,0.269471922984903
2023-01-03,0.255106108473429
2023-01-02,0.255774106482368
2023-01-01,0.2497408999078539
2022-12-31,0.2517053812172283
2022-12-30,0.2459132557795593
2022-12-29,0.2481821346403492
2022-12-28,0.2609816604500717
2022-12-27,0.2660226408874181
2022-12-26,0.2653931591094064
2022-12-25,0.2599974512508443
2022-12-24,0.2604460321872636
2022-12-23,0.2619147319133905
2022-12-22,0.2567174805085601
2022-12-21,0.2591354695600303
2022-12-20,0.2613892706018214
2022-12-19,0.2693235837044154
2022-12-18,0.270209619792673
2022-12-17,0.2673360246638979
2022-12-16,0.3023856492369672
2022-12-15,0.3095012649555788
2022-12-14,0.3157899903673711
2022-12-13,0.3182842785332619
2022-12-12,0.3084135817335142
2022-12-11,0.3152351418895535
2022-12-10,0.3153282529232364
2022-12-09,0.3168511894009249
2022-12-08,0.3159414142438241
2022-12-07,0.3192860982936123
2022-12-06,0.3214337812379817
2022-12-05,0.3286169131858834
2022-12-04,0.3240276166812318
2022-12-03,0.3259853214012174
2022-12-02,0.3203210143961434
2022-12-01,0.3200190356534376
2022-11-30,0.3209818321706524
2022-11-29,0.3127275975056315
2022-11-28,0.3142854002720192
2022-11-27,0.3198302015397181
2022-11-26,0.3219192882659928
2022-11-25,0.3172919047558199
2022-11-24,0.3211776152022182
2022-11-23,0.3194160161365079
2022-11-22,0.3157874737241233
2022-11-21,0.3133886542199557
2022-11-20,0.3315619080034144
2022-11-19,0.3324792080445087
2022-11-18,0.3327964148444554
2022-11-17,0.3340786115828142
2022-11-16,0.343748399988206
2022-11-15,0.344125709734305
2022-11-14,0.341236169082605
2022-11-13,0.3447553960867565
2022-11-12,0.3551013908034113
2022-11-11,0.3729733221193314
2022-11-10,0.3764137488429458
2022-11-09,0.3761272506307315
2022-11-08,0.4134367259654354
2022-11-07,0.4159713018071313
2022-11-06,0.4304426035368131
2022-11-05,0.4357266959594901
2022-11-04,0.4251504661863705
2022-11-03,0.3981053640235127
2022-11-02,0.406981213612811
2022-11-01,0.4140602201028501
2022-10-31,0.4143919185384938
2022-10-30,0.4209969962625291
2022-10-29,0.4373595998335365
2022-10-28,0.4108804504060365
2022-10-27,0.4168184411284367
2022-10-26,0.4105879802978897
2022-10-25,0.4145556039687458
2022-10-24,0.3643391593347796
2022-10-23,0.3634412682061033
2022-10-22,0.353608328810408
2022-10-21,0.3494909478174363
2022-10-20,0.3555767968617604
2022-10-19,0.3621650817990111
2022-10-18,0.3743956414707883
2022-10-17,0.3752366670235904
2022-10-16,0.3741287727859549
2022-10-15,0.3702420596872793
2022-10-14,0.3882049772652855
2022-10-13,0.3820586470528858
2022-10-12,0.3952791392168973
2022-10-11,0.4011766369673878
2022-10-10,0.4269290661044086
2022-10-09,0.4241776898309938
2022-10-08,0.4269536063263862
2022-10-07,0.4303385433684493
2022-10-06,0.4368000370575619
2022-10-05,0.4361073527720408
2022-10-04,0.4373303770182244
2022-10-03,0.4288006735560749
2022-10-02,0.4334333556511142
2022-10-01,0.4363973473399973
2022-09-30,0.4413122080503727
2022-09-29,0.4387183000093462
2022-09-28,0.4427027557147502
2022-09-27,0.463083872272189
2022-09-26,0.450440441216716
2022-09-25,0.4627776119855019
2022-09-24,0.4670281553400408
2022-09-23,0.4783084551981579
2022-09-22,0.4661794516777693
2022-09-21,0.4628797140961273
2022-09-20,0.4544505410190535
2022-09-19,0.4553084260883597
2022-09-18,0.4899049981907754
2022-09-17,0.4876675996032591
2022-09-16,0.4736595482678486
2022-09-15,0.4812828671995264
2022-09-14,0.4861253750938785
2022-09-13,0.5082194002602459
2022-09-12,0.5194320223711636
2022-09-11,0.5195227099046589
2022-09-10,0.5239951966728059
2022-09-09,0.5030314308701155
2022-09-08,0.4815066795309579
2022-09-07,0.4815414927164444
2022-09-06,0.5112490894207296
2022-09-05,0.506001409285693
2022-09-04,0.5051941947742737
2022-09-03,0.4847985997108514
2022-09-02,0.4656436301109246
2022-09-01,0.4601718868107638
2022-08-31,0.4630607100607314
2022-08-30,0.4626862876021077
2022-08-29,0.4516966557427453
2022-08-28,0.4533665055557212
2022-08-27,0.4509159260166466
2022-08-26,0.482203219087996
2022-08-25,0.4735706164223242
2022-08-24,0.466531718766748
2022-08-23,0.4679469652463189
2022-08-22,0.4631751345400759
2022-08-21,0.4713105866921852
2022-08-20,0.4622803765503344
2022-08-19,0.5122955065635328
2022-08-18,0.5427708780592237
2022-08-17,0.5796081088350741
2022-08-16,0.5682404830377367
2022-08-15,0.5799327039761343
2022-08-14,0.5924634960048152
2022-08-13,0.5656951551525697
2022-08-12,0.5412644533049872
2022-08-11,0.5455880495501786
2022-08-10,0.5369761512067014
2022-08-09,0.537305218168569
2022-08-08,0.5492355681760798
2022-08-07,0.5358195751803793
2022-08-06,0.5213934273588148
2022-08-05,0.5191616360089873
2022-08-04,0.5106124324346107
2022-08-03,0.5164867421441826
2022-08-02,0.5141916140268024
2022-08-01,0.5261681826869087
2022-07-31,0.5425039798579208
2022-07-30,0.5499255909065699
2022-07-29,0.543543383692475
2022-07-28,0.522554251457952
2022-07-27,0.5093962894123517
2022-07-26,0.4765206694052421
2022-07-25,0.5142353528915892
2022-07-24,0.5335561216773036
2022-07-23,0.5174576742814735
2022-07-22,0.5088222982977956
2022-07-21,0.5011088887756285
2022-07-20,0.5462239718182201
2022-07-19,0.5242994672345591
2022-07-18,0.4968897790072395
2022-07-17,0.464724120376318
2022-07-16,0.4585296231627673
2022-07-15,0.4515091007905666
2022-07-14,0.4443704759319384
2022-07-13,0.4360915874954962
2022-07-12,0.4410585210846822
2022-07-11,0.4624126587505448
2022-07-10,0.4794975296635011
2022-07-09,0.484215041708824
2022-07-08,0.4897292100207626
2022-07-07,0.4814429533070822
2022-07-06,0.4639939124697158
2022-07-05,0.4697614743176847
2022-07-04,0.4728995584194378
2022-07-03,0.4589213196443402
2022-07-02,0.4605178020532965
2022-07-01,0.4689221881254176
2022-06-30,0.4665396995959783
2022-06-29,0.4757952730656201
2022-06-28,0.4962330983571117
2022-06-27,0.5075634501732521
2022-06-26,0.5240137078423788
2022-06-25,0.5069958911102763
2022-06-24,0.50709277359285
2022-06-23,0.4817721294369204
2022-06-22,0.4802596203821245
2022-06-21,0.5096809266002935
2022-06-20,0.5057278001380457
2022-06-19,0.4863413139700343
2022-06-18,0.4940208009200559
2022-06-17,0.5022461907169674
2022-06-16,0.5427024011448817
2022-06-15,0.5336567276527527
2022-06-14,0.5170879639964225
2022-06-13,0.4973335630214501
2022-06-12,0.559623211568474
2022-06-11,0.6118670639503756
2022-06-10,0.6351746960281361
2022-06-09,0.6548879865439069
2022-06-08,0.6660891542286101
2022-06-07,0.6372357669706284
2022-06-06,0.6432818777992104
2022-06-05,0.5789324530080056
2022-06-04,0.570036982445438
2022-06-03,0.6018239671465886
2022-06-02,0.5942901454217855
2022-06-01,0.6284089895367062
2022-05-31,0.6789923786882411
2022-05-30,0.5741112724493694
2022-05-29,0.4812327465665159
2022-05-28,0.4671910135228632
2022-05-27,0.4821067440486269
2022-05-26,0.5198697051404633
2022-05-25,0.5304955441463781
2022-05-24,0.5237256239372798
2022-05-23,0.5580903472388719
2022-05-22,0.5468764087061496
2022-05-21,0.5362915135612355
2022-05-20,0.5430539862632398
2022-05-19,0.5438569231030472
2022-05-18,0.5848603037076513
2022-05-17,0.5980831225351619
2022-05-16,0.6046299635614703
2022-05-15,0.597283422729133
2022-05-14,0.5550024826981529
2022-05-13,0.5958899570825722
2022-05-12,0.5455769595932913
2022-05-11,0.6535944296707022
2022-05-10,0.6952955670683352
2022-05-09,0.7528676320201704
2022-05-08,0.7640657727863979
2022-05-07,0.7859771163726069
2022-05-06,0.7970881063867582
2022-05-05,0.9024222150914124
2022-05-04,0.8966869521106864
2022-05-03,0.7976621138488722
2022-05-02,0.7960452064317498
2022-05-01,0.7976222823192649
2022-04-30,0.816889739714423
2022-04-29,0.8483818840393484
2022-04-28,0.8516796097241083
2022-04-27,0.8524996863520622
2022-04-26,0.9006677589679886
2022-04-25,0.8997636445934881
2022-04-24,0.8979489351621217
2022-04-23,0.9109344118276964
2022-04-22,0.9236909323705448
2022-04-21,0.9696060690503971
2022-04-20,0.9732232750843496
2022-04-19,0.9546802964251322
2022-04-18,0.9370949576274478
2022-04-17,0.96151783850427
2022-04-16,0.9614014989526344
2022-04-15,0.9579626031293612
2022-04-14,0.9829055035561244
2022-04-13,0.9785167852853984
2022-04-12,0.9790364888270284
2022-04-11,1.030478114482176
2022-04-10,1.0454330475956544
2022-04-09,1.045368630083058
2022-04-08,1.0981129171187158
2022-04-07,1.096377119597104
2022-04-06,1.1719329855104126
2022-04-05,1.217831282702268
2022-04-04,1.2325096505580742
2022-04-03,1.1983432152444506
2022-04-02,1.1944359793149075
2022-04-01,1.1734591319721064
2022-03-31,1.2254453678044026
2022-03-30,1.2158482152129606
2022-03-29,1.2384033352321109
2022-03-28,1.2413084361035216
2022-03-27,1.1845343382806943
2022-03-26,1.156037098548788
2022-03-25,1.1640350763473528
2022-03-24,1.186467108861431
2022-03-23,1.1073470692782703
2022-03-22,0.9836593367530262
2022-03-21,0.9262637750311024
2022-03-20,0.913978151122911
2022-03-19,0.912789809354108
2022-03-18,0.8575545692189983
2022-03-17,0.8563611837167658
2022-03-16,0.8387600969611742
2022-03-15,0.8140184649043491
2022-03-14,0.8123305799361903
2022-03-13,0.8167889822688534
2022-03-12,0.8010677105947652
2022-03-11,0.8174548702939713
2022-03-10,0.8507392017254239
2022-03-09,0.8605807071343343
2022-03-08,0.8181521102386444
2022-03-07,0.8451009884242282
2022-03-06,0.8703136806845444
2022-03-05,0.8792921406480297
2022-03-04,0.9026928021476008
2022-03-03,0.944838438731295
2022-03-02,0.972596367773316
2022-03-01,1.00173867320595
2022-02-28,0.9681659480399808
2022-02-27,0.9127028211447106
2022-02-26,0.926140570555042
2022-02-25,0.9060999173730117
2022-02-24,0.8877854915143446
2022-02-23,0.9518084978860264
2022-02-22,0.8932003684509572
2022-02-21,0.9836035668016234
2022-02-20,0.9974326308207218
2022-02-19,1.0181632932980125
2022-02-18,1.0411165926148414
2022-02-17,1.0910776531842088
2022-02-16,1.1105741978771868
2022-02-15,1.113702848552787
2022-02-14,1.053052590946735
2022-02-13,1.070831324491056
2022-02-12,1.092125021665655
2022-02-11,1.1633549953286155
2022-02-10,1.2168137647539192
2022-02-09,1.211930086402918
2022-02-08,1.2623163078356137
2022-02-07,1.206456659987896
2022-02-06,1.147204243030193
2022-02-05,1.1734844875984878
2022-02-04,1.136632545534478
2022-02-03,1.0565438682324697
2022-02-02,1.099183307563242
2022-02-01,1.0928541906110791
2022-01-31,1.0556604779031762
2022-01-30,1.074433368285718
2022-01-29,1.080717305980538
2022-01-28,1.0569077418180806
2022-01-27,1.0776776122148115
2022-01-26,1.1470178945137868
2022-01-25,1.070784188310097
2022-01-24,1.1236117209724572
2022-01-23,1.158597380528576
2022-01-22,1.15277814474047
2022-01-21,1.2791134610308048
2022-01-20,1.423572707856389
2022-01-19,1.5283143980259914
2022-01-18,1.6250051957694125
2022-01-17,1.5869463998675946
2022-01-16,1.420750036317021
2022-01-15,1.3161111803551018
2022-01-14,1.3063305311759532
2022-01-13,1.350301492841773
2022-01-12,1.30646632580513
2022-01-11,1.192649679150537
2022-01-10,1.1798747185734106
2022-01-09,1.202322168016814
2022-01-08,1.251806614229747
2022-01-07,1.281438844467996
2022-01-06,1.2933195827416235
2022-01-05,1.3515582385714693
2022-01-04,1.3499333447788693
2022-01-03,1.377621310623346
2022-01-02,1.38770154265259
2022-01-01,1.373174275043975
2021-12-31,1.379984027580742
2021-12-30,1.3724750520293296
2021-12-29,1.4312433301673897
2021-12-28,1.534194707500545
2021-12-27,1.5887902420633564
2021-12-26,1.4662741051343655
2021-12-25,1.4597002699512198
2021-12-24,1.4892177993354394
2021-12-23,1.4876544923361068
2021-12-22,1.3645243342000897
2021-12-21,1.2867265978174225
2021-12-20,1.2598775517674716
2021-12-19,1.3083042452506095
2021-12-18,1.2658682973737043
2021-12-17,1.257718402325049
2021-12-16,1.3272300368905985
2021-12-15,1.3247278248325216
2021-12-14,1.277638316931338
2021-12-13,1.3556374383936345
2021-12-12,1.4059418656103864
2021-12-11,1.3588047392402265
2021-12-10,1.3315112392262742
2021-12-09,1.4059214019414406
2021-12-08,1.4217499771211934
2021-12-07,1.4734021943219386
2021-12-06,1.436549692256651
2021-12-05,1.4298766668583838
2021-12-04,1.557161598043635
2021-12-03,1.7257041593313247
2021-12-02,1.7543365331999754
2021-12-01,1.6220247048467
2021-11-30,1.6238593725760448
2021-11-29,1.6334457132610745
2021-11-28,1.5969644463209685
2021-11-27,1.5829871334840926
2021-11-26,1.6856692199358725
2021-11-25,1.7479019179032682
2021-11-24,1.7523670155825766
2021-11-23,1.8157114157427263
2021-11-22,1.8427675148570195
2021-11-21,1.922453130855101
2021-11-20,1.95518550296566
2021-11-19,1.891076287681676
2021-11-18,1.906062256595228
2021-11-17,1.889738802894513
2021-11-16,2.0194790750569607
2021-11-15,2.0904380505467377
2021-11-14,2.068552230739617
2021-11-13,2.07889485693609
2021-11-12,2.114603596197257
2021-11-11,2.15053930600384
2021-11-10,2.324025005309376
2021-11-09,2.372867577811634
2021-11-08,2.135202744254794
2021-11-07,2.035756171886057
2021-11-06,2.0369844703310664
2021-11-05,2.018027828350425
2021-11-04,2.0881161934622705
2021-11-03,2.1428029836929623
2021-11-02,1.99511900233058
2021-11-01,2.014053037759375
2021-10-31,2.019045644211944
2021-10-30,2.01423061398159
2021-10-29,2.0406492499133173
2021-10-28,2.057861391463568
2021-10-27,2.15584813500122
2021-10-26,2.197664925963565
2021-10-25,2.173033041294426
2021-10-24,2.1692677428297817
2021-10-23,2.1731458823446688
2021-10-22,2.209105962313008
2021-10-21,2.293905001389405
2021-10-20,2.206146920301264
2021-10-19,2.155684713149677
2021-10-18,2.1695462178959795
2021-10-17,2.1878321200451465
2021-10-16,2.249618466573641
2021-10-15,2.238891451319358
2021-10-14,2.220097890143348
2021-10-13,2.195633794469184
2021-10-12,2.173115183160672
2021-10-11,2.247739520053354
2021-10-10,2.2763303418138854
2021-10-09,2.29875016185664
2021-10-08,2.3103445196975336
2021-10-07,2.362563976453925
2021-10-06,2.250067827472748
2021-10-05,2.2489779796301623
2021-10-04,2.2535468484876686
2021-10-03,2.3059725565860307
2021-10-02,2.318647117022357
2021-10-01,2.2688479981386744
2021-09-30,2.133618696310292
2021-09-29,2.141429346296236
2021-09-28,2.170288651657364
2021-09-27,2.269129225092427
2021-09-26,2.30134106492408
2021-09-25,2.449466005916324
2021-09-24,2.3363514345918985
2021-09-23,2.336875393503745
2021-09-22,2.251518653537976
2021-09-21,2.2160696421416164
2021-09-20,2.2873157181984287
2021-09-19,2.3961157310846413
2021-09-18,2.4332146414607982
2021-09-17,2.4424696890530764
2021-09-16,2.5120700761692207
2021-09-15,2.572518220004992
2021-09-14,2.4280905825808725
2021-09-13,2.5910585731325733
2021-09-12,2.774977253478579
2021-09-11,2.788706589435946
2021-09-10,2.5816045644275536
2021-09-09,2.6189705245664765
2021-09-08,2.559168141235173
2021-09-07,2.8739693108304785
2021-09-06,2.926045346682401
2021-09-05,2.953181530650651
2021-09-04,2.9681865564121908
2021-09-03,3.01779566454364
2021-09-02,3.0970373000231426
2021-09-01,2.900960347968238
2021-08-31,2.875613642295088
2021-08-30,2.8851753441647423
2021-08-29,2.9295521367661657
2021-08-28,2.94454808761751
2021-08-27,2.938406900874369
2021-08-26,2.7789101414980832
2021-08-25,2.792024534586186
2021-08-24,2.942185762708074
2021-08-23,2.9725148138799566
2021-08-22,2.6924100239987534
2021-08-21,2.5285896165881288
2021-08-20,2.574457871698322
2021-08-19,2.439021497691168
2021-08-18,2.1579029843997084
2021-08-17,2.1391776559492417
2021-08-16,2.1945954258413862
2021-08-15,2.2422477202409747
2021-08-14,2.2450952052160327
2021-08-13,2.147004726092341
2021-08-12,1.8659284468139712
2021-08-11,1.8862092807208704
2021-08-10,1.687390595311283
2021-08-09,1.4980294646649654
2021-08-08,1.4912490563574117
2021-08-07,1.4840190196887062
2021-08-06,1.42
2021-08-05,1.4
2021-08-04,1.391632334391154
2021-08-03,1.381181170430599
2021-08-02,1.35
2021-08-01,1.39
2021-07-31,1.3312579122576118
2021-07-30,1.32
2021-07-29,1.3
2021-07-28,1.31
2021-07-27,1.32
2021-07-26,1.3965857084823268
2021-07-25,1.24
2021-07-24,1.25
2021-07-23,1.204932350705056
2021-07-22,1.2016871569041938
2021-07-21,1.2185536105349315
2021-07-20,1.13
2021-07-19,1.19
2021-07-18,1.22
2021-07-17,1.19
2021-07-16,1.24
2021-07-15,1.29
2021-07-14,1.2865362567494505
2021-07-13,1.32
2021-07-12,1.37
2021-07-11,1.37
2021-07-10,1.3640998826128887
2021-07-09,1.3703353281514397
2021-07-08,1.4037694253461854
2021-07-07,1.44
2021-07-06,1.45
2021-07-05,1.4592915207707515
2021-07-04,1.49
2021-07-03,1.44
2021-07-02,1.3892327619729214
2021-07-01,1.3835617143247458
2021-06-30,1.3956669650389066
2021-06-29,1.42
2021-06-28,1.347533799357321
2021-06-27,1.35
2021-06-26,1.2883056517196163
2021-06-25,1.390779920316361
2021-06-24,1.3967763217909015
2021-06-23,1.3011264560700817
2021-06-22,1.26
2021-06-21,1.4325361810815735
2021-06-20,1.452442259900298
2021-06-19,1.44
2021-06-18,1.491054034711909
2021-06-17,1.54
2021-06-16,1.5728328561067837
2021-06-15,1.610289922936539
2021-06-14,1.59
2021-06-13,1.579040961135486
2021-06-12,1.4912431632345364
2021-06-11,1.54
2021-06-10,1.6304606037987626
2021-06-09,1.6276386910994145
2021-06-08,1.5931627631772876
2021-06-07,1.74
2021-06-06,1.705928238113822
2021-06-05,1.782766303889468
2021-06-04,1.84
2021-06-03,1.88
2021-06-02,1.801990041987028
2021-06-01,1.7762023770980426
2021-05-31,1.75
2021-05-30,1.68
2021-05-29,1.56
2021-05-28,1.6751037783667506
2021-05-27,1.7874302561477442
2021-05-26,1.828555615688604
2021-05-25,1.6434530425966196
2021-05-24,1.59
2021-05-23,1.53
2021-05-22,1.59
2021-05-21,1.87
2021-05-20,1.927260529413152
2021-05-19,2.027125187
2021-05-18,2.14
2021-05-17,2.31
2021-05-16,2.455262087
2021-05-15,2.359300247
2021-05-14,2.036812122
2021-05-13,1.970994773
2021-05-12,1.82
2021-05-11,1.78
2021-05-10,1.82
2021-05-09,1.832240759
2021-05-08,1.651397726
2021-05-07,1.744910547
2021-05-06,1.7
2021-05-05,1.49
2021-05-04,1.366804343
2021-05-03,1.38
2021-05-02,1.359107039
2021-05-01,1.370795152
2021-04-30,1.370460207
2021-04-29,1.412767222
2021-04-28,1.349902802
2021-04-27,1.33
2021-04-26,1.251556596
2021-04-25,1.15
2021-04-24,1.198615549
2021-04-23,1.164844065
2021-04-22,1.27519807
2021-04-21,1.289729566
2021-04-20,1.28
2021-04-19,1.33
2021-04-18,1.39
2021-04-17,1.462850064
2021-04-16,1.52
2021-04-15,1.5
2021-04-14,1.56
2021-04-13,1.441544537
2021-04-12,1.357671632
2021-04-11,1.303430263
2021-04-10,1.26
2021-04-09,1.24
2021-04-08,1.23
2021-04-07,1.287419195
2021-04-06,1.331159264
2021-04-05,1.23
2021-04-04,1.200407199
2021-04-03,1.241798456
2021-04-02,1.24
2021-04-01,1.206401879
2021-03-31,1.215483739
2021-03-30,1.24
2021-03-29,1.229777002
2021-03-28,1.22
2021-03-27,1.233853427
2021-03-26,1.271904574
2021-03-25,1.146171032
2021-03-24,1.16
2021-03-23,1.17
2021-03-22,1.21
2021-03-21,1.242185289
2021-03-20,1.308816557
2021-03-19,1.34
2021-03-18,1.47
2021-03-17,1.388735948
2021-03-16,1.25
2021-03-15,1.069337651
2021-03-14,1.103327903
2021-03-13,1.184265747
2021-03-12,1.128260661
2021-03-11,1.138654292
2021-03-10,1.203793404
2021-03-09,1.216838124
2021-03-08,1.176386483
2021-03-07,1.145957393
2021-03-06,1.180680739
2021-03-05,1.196750681
2021-03-04,1.230384876
2021-03-03,1.263589554
2021-03-02,1.296853764
2021-03-01,1.342552614
2021-02-28,1.358835596
2021-02-27,1.467159339
2021-02-26,1.292021372
2021-02-25,1.172315979
2021-02-24,1.072012176
2021-02-23,1.12734702
2021-02-22,1.14348173
2021-02-21,1.14962391
2021-02-20,1.201425126
2021-02-19,0.938428503
2021-02-18,0.94752387
2021-02-17,0.89009027
2021-02-16,0.897395344
2021-02-15,0.901009117
2021-02-14,0.907552683
2021-02-13,0.937932245
2021-02-12,0.937019377
2021-02-11,0.974591532
2021-02-10,0.947477003
2021-02-09,0.705301907
2021-02-08,0.711368867
2021-02-07,0.702910348
2021-02-06,0.656072157
2021-02-05,0.556251053
2021-02-04,0.446010456
2021-02-03,0.446260001
2021-02-02,0.450625507
2021-02-01,0.418426622
2021-01-31,0.375969104
2021-01-30,0.37370634
2021-01-29,0.366880222
2021-01-28,0.353552642
2021-01-27,0.344222621
2021-01-26,0.350406699
2021-01-25,0.363256023
2021-01-24,0.369120148
2021-01-23,0.357728701
2021-01-22,0.359205821
2021-01-21,0.378046926
2021-01-20,0.376367394
2021-01-19,0.383685291
2021-01-18,0.396871576
2021-01-17,0.395584301
2021-01-16,0.3639936
2021-01-15,0.329584043
2021-01-14,0.323825335
2021-01-13,0.313753389
2021-01-12,0.310639973
2021-01-11,0.303479126
2021-01-10,0.341171238
2021-01-09,0.338843077
2021-01-08,0.321078714
2021-01-07,0.349211945
2021-01-06,0.343986444
2021-01-05,0.264739292
2021-01-04,0.240448121
2021-01-03,0.208695509
2021-01-02,0.183605147
2021-01-01,0.184897986
2020-12-31,0.18586324
2020-12-30,0.192721101
2020-12-29,0.195985258
2020-12-28,0.179313071
2020-12-27,0.165629744
2020-12-26,0.162201155
2020-12-25,0.16656975
2020-12-24,0.154464075
2020-12-23,0.157779883
2020-12-22,0.16053812
2020-12-21,0.166087203
2020-12-20,0.16838909
2020-12-19,0.170391754
2020-12-18,0.168781869
2020-12-17,0.175164937
2020-12-16,0.167838931
2020-12-15,0.159882887
2020-12-14,0.158137949
2020-12-13,0.156509407
2020-12-12,0.147284347
2020-12-11,0.142737425
2020-12-10,0.14834946
2020-12-09,0.149846743
2020-12-08,0.155007576
2020-12-07,0.15900121
2020-12-06,0.162775145
2020-12-05,0.161347106
2020-12-04,0.164374496
2020-12-03,0.167662788
2020-12-02,0.159587222
2020-12-01,0.173593075
2020-11-30,0.173347891
2020-11-29,0.170239766
2020-11-28,0.171704776
2020-11-27,0.14488039
2020-11-26,0.159700084
2020-11-25,0.174296664
2020-11-24,0.182533297
2020-11-23,0.158492817
2020-11-22,0.152823634
2020-11-21,0.134185851
2020-11-20,0.118143635
2020-11-19,0.108068614
2020-11-18,0.111564646
2020-11-17,0.11192325
2020-11-16,0.104928683
2020-11-15,0.105247326
2020-11-14,0.107064121
2020-11-13,0.108026734
2020-11-12,0.106613884
2020-11-11,0.10882318
2020-11-10,0.108820093
2020-11-09,0.107683598
2020-11-08,0.108191601
2020-11-07,0.1131922
2020-11-06,0.109898445
2020-11-05,0.097993047
2020-11-04,0.096071882
2020-11-03,0.093921252
2020-11-02,0.099921676
2020-11-01,0.09849999
2020-10-31,0.095422595
2020-10-30,0.095442682
2020-10-29,0.100688554
2020-10-28,0.103232081
2020-10-27,0.105547775
2020-10-26,0.107365881
2020-10-25,0.10875198
2020-10-24,0.109736415
2020-10-23,0.11166811
2020-10-22,0.11283315
2020-10-21,0.108433197
2020-10-20,0.108745952
2020-10-19,0.110804972
2020-10-18,0.10757947
2020-10-17,0.107284461
2020-10-16,0.107253689
2020-10-15,0.107667706
2020-10-14,0.112114299
2020-10-13,0.114061322
2020-10-12,0.112380816
2020-10-11,0.108884091
2020-10-10,0.110773506
2020-10-09,0.102472547
2020-10-08,0.096898421
2020-10-07,0.094302059
2020-10-06,0.098524452
2020-10-05,0.099422396
2020-10-04,0.098028416
2020-10-03,0.095164002
2020-10-02,0.10016974
2020-10-01,0.104302301
2020-09-30,0.101470143
2020-09-29,0.103278324
2020-09-28,0.106310997
2020-09-27,0.102273376
2020-09-26,0.099519999
2020-09-25,0.098224844
2020-09-24,0.0832905
2020-09-23,0.082841526
2020-09-22,0.083122337
2020-09-21,0.090151982
2020-09-20,0.092151429
2020-09-19,0.093044995
2020-09-18,0.094153337
2020-09-17,0.094539322
2020-09-16,0.09309493
2020-09-15,0.097952317
2020-09-14,0.097685844
2020-09-13,0.099588185
2020-09-12,0.097761007
2020-09-11,0.097021376
2020-09-10,0.099135647
2020-09-09,0.09514343
2020-09-08,0.09629337
2020-09-07,0.094516319
2020-09-06,0.095203637
2020-09-05,0.102625982
2020-09-04,0.102751007
2020-09-03,0.116358792
2020-09-02,0.126138038
2020-09-01,0.127714563
2020-08-31,0.126206194
2020-08-30,0.118535407
2020-08-29,0.117199711
2020-08-28,0.111165181
2020-08-27,0.115585639
2020-08-26,0.117577048
2020-08-25,0.123773143
2020-08-24,0.126801998
2020-08-23,0.125775436
2020-08-22,0.126161185
2020-08-21,0.134001502
2020-08-20,0.134362238
2020-08-19,0.13787527
2020-08-18,0.143305188
2020-08-17,0.144604356
2020-08-16,0.139378045
2020-08-15,0.141172193
2020-08-14,0.140835753
2020-08-13,0.141943686
2020-08-12,0.137466118
2020-08-11,0.144153762
2020-08-10,0.146375591
2020-08-09,0.152079402
2020-08-08,0.147531068
2020-08-07,0.146786263
2020-08-06,0.145560149
2020-08-05,0.145019711
2020-08-04,0.147109236
2020-08-03,0.138760516
2020-08-02,0.147879732
2020-08-01,0.146569778
2020-07-31,0.140767371
2020-07-30,0.142221411
2020-07-29,0.149497605
2020-07-28,0.150336888
2020-07-27,0.149554363
2020-07-26,0.15399669
2020-07-25,0.145353257
2020-07-24,0.124259028
2020-07-23,0.125829064
2020-07-22,0.124237514
2020-07-21,0.124362232
2020-07-20,0.124087428
2020-07-19,0.124353402
2020-07-18,0.124577808
2020-07-17,0.126298698
2020-07-16,0.132852504
2020-07-15,0.132579388
2020-07-14,0.134257454
2020-07-13,0.134826099
2020-07-12,0.127816707
2020-07-11,0.126594003
2020-07-10,0.124025388
2020-07-09,0.12991057
2020-07-08,0.136756626
2020-07-07,0.118763957
2020-07-06,0.105505644
2020-07-05,0.099986134
2020-07-04,0.100788077
2020-07-03,0.101465879
2020-07-02,0.096612734
2020-07-01,0.096051678
2020-06-30,0.08458138
2020-06-29,0.084119173
2020-06-28,0.081008826
2020-06-27,0.080944979
2020-06-26,0.081765575
2020-06-25,0.083338328
2020-06-24,0.086785929
2020-06-23,0.084248446
2020-06-22,0.083769399
2020-06-21,0.081272627
2020-06-20,0.080028933
2020-06-19,0.081853027
2020-06-18,0.084274561
2020-06-17,0.083476445
2020-06-16,0.079436908
2020-06-15,0.07963072
2020-06-14,0.079048694
2020-06-13,0.07953385
2020-06-12,0.080295821
2020-06-11,0.084901991
2020-06-10,0.08379337
2020-06-09,0.086539748
2020-06-08,0.086855218
2020-06-07,0.088389715
2020-06-06,0.087019308
2020-06-05,0.088971312
2020-06-04,0.089962851
2020-06-03,0.085341966
2020-06-02,0.082216158
2020-06-01,0.082592046
2020-05-31,0.085848875
2020-05-30,0.07704755
2020-05-29,0.066330551
2020-05-28,0.067041401
2020-05-27,0.055796127
2020-05-26,0.054050219
2020-05-25,0.054238657
2020-05-24,0.055945295
2020-05-23,0.056365369
2020-05-22,0.056751431
2020-05-21,0.05741068
2020-05-20,0.057403594
2020-05-19,0.056829381
2020-05-18,0.054822598
2020-05-17,0.052073715
2020-05-16,0.051265938
2020-05-15,0.051802961
2020-05-14,0.051837746
2020-05-13,0.052128248
2020-05-12,0.050977555
2020-05-11,0.049846861
2020-05-10,0.051518298
2020-05-09,0.052926132
2020-05-08,0.053174457
2020-05-07,0.051254638
2020-05-06,0.050948645
2020-05-05,0.050439772
2020-05-04,0.049940654
2020-05-03,0.051587313
2020-05-02,0.051321417
2020-05-01,0.051704206
2020-04-30,0.054128761
2020-04-29,0.051768546
2020-04-28,0.04772131
2020-04-27,0.047475043
2020-04-26,0.046005672
2020-04-25,0.043467207
2020-04-24,0.043730231
2020-04-23,0.042500451
2020-04-22,0.03659432
2020-04-21,0.034911897
2020-04-20,0.036490172
2020-04-19,0.03668254
2020-04-18,0.036806759
2020-04-17,0.03473023
2020-04-16,0.034676028
2020-04-15,0.033660012
2020-04-14,0.03365067
2020-04-13,0.033558608
2020-04-12,0.034804224
2020-04-11,0.034055068
2020-04-10,0.036167672
2020-04-09,0.036525161
2020-04-08,0.036637919
2020-04-07,0.036792905
2020-04-06,0.035697567
2020-04-05,0.032490495
2020-04-04,0.032451446
2020-04-03,0.032678473
2020-04-02,0.033075238
2020-04-01,0.030798371
2020-03-31,0.030546477
2020-03-30,0.0301162
2020-03-29,0.029806011
2020-03-28,0.029949183
2020-03-27,0.031319325
2020-03-26,0.030805635
2020-03-25,0.030270083
2020-03-24,0.03023192
2020-03-23,0.029381297
2020-03-22,0.030292191
2020-03-21,0.030484504
2020-03-20,0.033787896
2020-03-19,0.031865342
2020-03-18,0.026415967
2020-03-17,0.026373437
2020-03-16,0.02710977
2020-03-15,0.028733508
2020-03-14,0.028878392
2020-03-13,0.02906542
2020-03-12,0.039770198
2020-03-11,0.041782385
2020-03-10,0.042990663
2020-03-09,0.043752975
2020-03-08,0.048870781
2020-03-07,0.051694882
2020-03-06,0.051573652
2020-03-05,0.052214826
2020-03-04,0.050353674
2020-03-03,0.049375342
2020-03-02,0.049814356
2020-03-01,0.048182356
2020-02-29,0.049945727
2020-02-28,0.051122814
2020-02-27,0.052025322
2020-02-26,0.056601884
2020-02-25,0.059986854
2020-02-24,0.061735225
2020-02-23,0.061810153
2020-02-22,0.058949445
2020-02-21,0.05994127
2020-02-20,0.058576245
2020-02-19,0.062702345
2020-02-18,0.063215035
2020-02-17,0.062465031
2020-02-16,0.066952253
2020-02-15,0.071112991
2020-02-14,0.070817328
2020-02-13,0.071925376
2020-02-12,0.069846848
2020-02-11,0.063156824
2020-02-10,0.06190252
2020-02-09,0.062201342
2020-02-08,0.061203701
2020-02-07,0.062513265
2020-02-06,0.060599634
2020-02-05,0.059890027
2020-02-04,0.057610696
2020-02-03,0.057662134
2020-02-02,0.05846383
2020-02-01,0.056731705
2020-01-31,0.056253396
2020-01-30,0.056699709
2020-01-29,0.057129037
2020-01-28,0.054083647
2020-01-27,0.048454399
2020-01-26,0.044468549
2020-01-25,0.044988135
2020-01-24,0.045072613
2020-01-23,0.045662533
2020-01-22,0.046321691
2020-01-21,0.046592607
2020-01-20,0.044199373
2020-01-19,0.045707104
2020-01-18,0.045606962
2020-01-17,0.045728787
2020-01-16,0.043062398
2020-01-15,0.042682419
2020-01-14,0.042180519
2020-01-13,0.037754549
2020-01-12,0.03755279
2020-01-11,0.03734452
2020-01-10,0.036909339
2020-01-09,0.036321283
2020-01-08,0.038550975
2020-01-07,0.037762582
2020-01-06,0.036864838
2020-01-05,0.035196088
2020-01-04,0.0343338
2020-01-03,0.034404256
2020-01-02,0.033535517
2020-01-01,0.03377947
2019-12-31,0.033743072
2019-12-30,0.034370049
2019-12-29,0.034507431
2019-12-28,0.034102059
2019-12-27,0.03422323
2019-12-26,0.034829956
2019-12-25,0.033964873
2019-12-24,0.034469229
2019-12-23,0.034480035
2019-12-22,0.034393941
2019-12-21,0.033845051
2019-12-20,0.03380851
2019-12-19,0.034564139
2019-12-18,0.034499568
2019-12-17,0.034096847
2019-12-16,0.036448168
2019-12-15,0.036547928
2019-12-14,0.037177884
2019-12-13,0.037259355
2019-12-12,0.036804599
2019-12-11,0.036912152
2019-12-10,0.03731914
2019-12-09,0.038625075
2019-12-08,0.038629635
2019-12-07,0.038943236
2019-12-06,0.038034885
2019-12-05,0.037914609
2019-12-04,0.038439196
2019-12-03,0.038645102
2019-12-02,0.039553836
2019-12-01,0.040336974
2019-11-30,0.042022544
2019-11-29,0.041900766
2019-11-28,0.039593247
2019-11-27,0.03981342
2019-11-26,0.037036685
2019-11-25,0.037114245
2019-11-24,0.038525963
2019-11-23,0.038275266
2019-11-22,0.038634909
2019-11-21,0.041047435
2019-11-20,0.042315397
2019-11-19,0.043382331
2019-11-18,0.045926316
2019-11-17,0.045674523
2019-11-16,0.044388709
2019-11-15,0.04427169
2019-11-14,0.043416534
2019-11-13,0.04370047
2019-11-12,0.044352933
2019-11-11,0.04390499
2019-11-10,0.043968685
2019-11-09,0.042672882
2019-11-08,0.043698411
2019-11-07,0.044772336
2019-11-06,0.045732942
2019-11-05,0.044565397
2019-11-04,0.043005517
2019-11-03,0.042441122
2019-11-02,0.042413008
2019-11-01,0.042291678
2019-10-31,0.042117976
2019-10-30,0.044272976
2019-10-29,0.043705414
2019-10-28,0.044416666
2019-10-27,0.043065807
2019-10-26,0.042819993
2019-10-25,0.041658031
2019-10-24,0.037764706
2019-10-23,0.038739435
2019-10-22,0.039883883
2019-10-21,0.039372778
2019-10-20,0.039423252
2019-10-19,0.039339205
2019-10-18,0.039408883
2019-10-17,0.039333057
2019-10-16,0.039752023
2019-10-15,0.041798951
2019-10-14,0.041970422
2019-10-13,0.041543197
2019-10-12,0.040847595
2019-10-11,0.041995636
2019-10-10,0.042524897
2019-10-09,0.043186364
2019-10-08,0.042034844
2019-10-07,0.041642325
2019-10-06,0.039920234
2019-10-05,0.0397379
2019-10-04,0.040100281
2019-10-03,0.039507422
2019-10-02,0.039360691
2019-10-01,0.039848285
2019-09-30,0.039186509
2019-09-29,0.038736497
2019-09-28,0.039539276
2019-09-27,0.039577544
2019-09-26,0.039948737
2019-09-25,0.039891788
2019-09-24,0.046569518
2019-09-23,0.049314173
2019-09-22,0.05179739
2019-09-21,0.053221548
2019-09-20,0.05235041
2019-09-19,0.054368472
2019-09-18,0.05516753
2019-09-17,0.050492689
2019-09-16,0.047479864
2019-09-15,0.046939204
2019-09-14,0.046991938
2019-09-13,0.045774627
2019-09-12,0.04625365
2019-09-11,0.046589071
2019-09-10,0.048044646
2019-09-09,0.046983916
2019-09-08,0.047445583
2019-09-07,0.046432576
2019-09-06,0.044578951
2019-09-05,0.045410745
2019-09-04,0.046518574
2019-09-03,0.047161795
2019-09-02,0.046017978
2019-09-01,0.045193107
2019-08-31,0.04544443
2019-08-30,0.045763533
2019-08-29,0.045968362
2019-08-28,0.050379213
2019-08-27,0.049961916
2019-08-26,0.050764214
2019-08-25,0.052665664
2019-08-24,0.051292736
2019-08-23,0.05017006
2019-08-22,0.051051429
2019-08-21,0.049149074
2019-08-20,0.050152816
2019-08-19,0.050710574
2019-08-18,0.051017588
2019-08-17,0.047952126
2019-08-16,0.047346045
2019-08-15,0.04812879
2019-08-14,0.053676226
2019-08-13,0.053147003
2019-08-12,0.05497739
2019-08-11,0.055819909
2019-08-10,0.053337657
2019-08-09,0.052198248
2019-08-08,0.052985223
2019-08-07,0.054086381
2019-08-06,0.056365116
2019-08-05,0.057824679
2019-08-04,0.058178559
2019-08-03,0.058182654
2019-08-02,0.058788719
2019-08-01,0.06240071
2019-07-31,0.06063549
2019-07-30,0.060812268
2019-07-29,0.061457075
2019-07-28,0.060016622
2019-07-27,0.063053502
2019-07-26,0.062730536
2019-07-25,0.060457832
2019-07-24,0.059019122
2019-07-23,0.06010937
2019-07-22,0.062374262
2019-07-21,0.064021777
2019-07-20,0.064846135
2019-07-19,0.060541471
2019-07-18,0.05916462
2019-07-17,0.05761459
2019-07-16,0.060489401
2019-07-15,0.06013712
2019-07-14,0.067575678
2019-07-13,0.070689271
2019-07-12,0.07045682
2019-07-11,0.071920234
2019-07-10,0.078302368
2019-07-09,0.080568665
2019-07-08,0.081850516
2019-07-07,0.0801279
2019-07-06,0.079220105
2019-07-05,0.079232374
2019-07-04,0.082609292
2019-07-03,0.083159056
2019-07-02,0.084240707
2019-07-01,0.086428283
2019-06-30,0.092344097
2019-06-29,0.091807725
2019-06-28,0.089815494
2019-06-27,0.099984396
2019-06-26,0.107139363
2019-06-25,0.098138559
2019-06-24,0.099166134
2019-06-23,0.101759098
2019-06-22,0.096908902
2019-06-21,0.091629353
2019-06-20,0.09057153
2019-06-19,0.092149018
2019-06-18,0.093377815
2019-06-17,0.093670215
2019-06-16,0.09450878
2019-06-15,0.093144335
2019-06-14,0.091704442
2019-06-13,0.096771283
2019-06-12,0.096478531
2019-06-11,0.089415263
2019-06-10,0.085481211
2019-06-09,0.084704757
2019-06-08,0.086793559
2019-06-07,0.087385554
2019-06-06,0.084071493
2019-06-05,0.085179776
2019-06-04,0.090168907
2019-06-03,0.098747782
2019-06-02,0.097483118
2019-06-01,0.092994569
2019-05-31,0.090065837
2019-05-30,0.096866408
2019-05-29,0.093721083
2019-05-28,0.092639802
2019-05-27,0.094469798
2019-05-26,0.087201052
2019-05-25,0.082830271
2019-05-24,0.083332121
2019-05-23,0.080975131
2019-05-22,0.085705121
2019-05-21,0.086443787
2019-05-20,0.086934863
2019-05-19,0.088222953
2019-05-18,0.085020949
2019-05-17,0.090215189
2019-05-16,0.099938579
2019-05-15,0.094664127
2019-05-14,0.084516045
2019-05-13,0.076124025
2019-05-12,0.076907113
2019-05-11,0.078397041
2019-05-10,0.064763765
2019-05-09,0.0649621
2019-05-08,0.065087708
2019-05-07,0.068978712
2019-05-06,0.06862973
2019-05-05,0.067718716
2019-05-04,0.071526408
2019-05-03,0.071866525
2019-05-02,0.069660875
2019-05-01,0.070198085
2019-04-30,0.069773279
2019-04-29,0.069237448
2019-04-28,0.070806308
2019-04-27,0.071852916
2019-04-26,0.070611482
2019-04-25,0.076418498
2019-04-24,0.076334235
2019-04-23,0.080935278
2019-04-22,0.079547574
2019-04-21,0.078440951
2019-04-20,0.079887432
2019-04-19,0.082081812
2019-04-18,0.084465213
2019-04-17,0.084991841
2019-04-16,0.084724174
2019-04-15,0.085907368
2019-04-14,0.085559952
2019-04-13,0.08593848
2019-04-12,0.085802656
2019-04-11,0.090797213
2019-04-10,0.092626121
2019-04-09,0.087284297
2019-04-08,0.091862684
2019-04-07,0.091365913
2019-04-06,0.093850996
2019-04-05,0.091862213
2019-04-04,0.094099708
2019-04-03,0.0993843
2019-04-02,0.085172827
2019-04-01,0.073618883
2019-03-31,0.073277831
2019-03-30,0.073381243
2019-03-29,0.073318828
2019-03-28,0.067314507
2019-03-27,0.068114326
2019-03-26,0.062267067
2019-03-25,0.061712013
2019-03-24,0.064687292
2019-03-23,0.06464488
2019-03-22,0.058986174
2019-03-21,0.054998108
2019-03-20,0.053886583
2019-03-19,0.053235066
2019-03-18,0.05101242
2019-03-17,0.051339421
2019-03-16,0.051708057
2019-03-15,0.050642274
2019-03-14,0.048006758
2019-03-13,0.048457697
2019-03-12,0.048193302
2019-03-11,0.048199813
2019-03-10,0.04654253
2019-03-09,0.046697876
2019-03-08,0.043500217
2019-03-07,0.043530837
2019-03-06,0.043203109
2019-03-05,0.043211791
2019-03-04,0.043270035
2019-03-03,0.043061229
2019-03-02,0.043361945
2019-03-01,0.043775277
2019-02-28,0.043704146
2019-02-27,0.04362126
2019-02-26,0.043972692
2019-02-25,0.044526057
2019-02-24,0.050094513
2019-02-23,0.048733653
2019-02-22,0.04593454
2019-02-21,0.047240789
2019-02-20,0.047034599
2019-02-19,0.047564492
2019-02-18,0.046261642
2019-02-17,0.041343451
2019-02-16,0.04131529
2019-02-15,0.041154795
2019-02-14,0.041006287
2019-02-13,0.041954224
2019-02-12,0.041622131
2019-02-11,0.042551816
2019-02-10,0.042606877
2019-02-09,0.041773551
2019-02-08,0.041594995
2019-02-07,0.036990615
2019-02-06,0.0380074
2019-02-05,0.038361239
2019-02-04,0.038591068
2019-02-03,0.039191209
2019-02-02,0.039171449
2019-02-01,0.038877522
2019-01-31,0.04016605
2019-01-30,0.039807451
2019-01-29,0.039324119
2019-01-28,0.041221636
2019-01-27,0.04268839
2019-01-26,0.043438449
2019-01-25,0.043298018
2019-01-24,0.043743598
2019-01-23,0.044152954
2019-01-22,0.044160097
2019-01-21,0.043940256
2019-01-20,0.045900413
2019-01-19,0.046504115
2019-01-18,0.045357034
2019-01-17,0.045982423
2019-01-16,0.045251057
2019-01-15,0.044454179
2019-01-14,0.04451694
2019-01-13,0.043914879
2019-01-12,0.044691312
2019-01-11,0.045182496
2019-01-10,0.05460222
2019-01-09,0.052685737
2019-01-08,0.050000794
2019-01-07,0.050793814
2019-01-06,0.049691218
2019-01-05,0.045801961
2019-01-04,0.044127121
2019-01-03,0.045242542
2019-01-02,0.045626033
2019-01-01,0.042515256
2018-12-31,0.043353177
2018-12-30,0.043583268
2018-12-29,0.043957678
2018-12-28,0.04252055
2018-12-27,0.04140019
2018-12-26,0.042924493
2018-12-25,0.04538707
2018-12-24,0.0488757
2018-12-23,0.044642769
2018-12-22,0.04188409
2018-12-21,0.045232682
2018-12-20,0.03938603
2018-12-19,0.037890313
2018-12-18,0.034346418
2018-12-17,0.03328084
2018-12-16,0.029701291
2018-12-15,0.02858654
2018-12-14,0.02953557
2018-12-13,0.030719034
2018-12-12,0.030948476
2018-12-11,0.03008399
2018-12-10,0.031811905
2018-12-09,0.032338896
2018-12-08,0.031908574
2018-12-07,0.030875156
2018-12-06,0.035503703
2018-12-05,0.037693443
2018-12-04,0.039871698
2018-12-03,0.041910547
2018-12-02,0.043235016
2018-12-01,0.042221368
2018-11-30,0.042355523
2018-11-29,0.044434013
2018-11-28,0.043626231
2018-11-27,0.037118766
2018-11-26,0.039299759
2018-11-25,0.038861269
2018-11-24,0.044662117
2018-11-23,0.044678646
2018-11-22,0.048494308
2018-11-21,0.048766716
2018-11-20,0.052980874
2018-11-19,0.062168116
2018-11-18,0.063126566
2018-11-17,0.061685549
2018-11-16,0.064342881
2018-11-15,0.065684349
2018-11-14,0.07360611
2018-11-13,0.075840686
2018-11-12,0.077037847
2018-11-11,0.077405182
2018-11-10,0.075815315
2018-11-09,0.077561472
2018-11-08,0.079636734
2018-11-07,0.081043197
2018-11-06,0.080402475
2018-11-05,0.077838885
2018-11-04,0.07783142
2018-11-03,0.072968129
2018-11-02,0.073184483
2018-11-01,0.071260647
2018-10-31,0.069822671
2018-10-30,0.069650639
2018-10-29,0.072550607
2018-10-28,0.073208177
2018-10-27,0.07324609
2018-10-26,0.073499945
2018-10-25,0.073881215
2018-10-24,0.075135396
2018-10-23,0.075895662
2018-10-22,0.076130019
2018-10-21,0.077174389
2018-10-20,0.076978752
2018-10-19,0.076374238
2018-10-18,0.077732287
2018-10-17,0.078346551
2018-10-16,0.076173175
2018-10-15,0.082261401
2018-10-14,0.074450923
2018-10-13,0.075378044
2018-10-12,0.076392125
2018-10-11,0.085030932
2018-10-10,0.086704829
2018-10-09,0.087784208
2018-10-08,0.088587424
2018-10-07,0.08509046
2018-10-06,0.083887703
2018-10-05,0.083553396
2018-10-04,0.082835984
2018-10-03,0.082525337
2018-10-02,0.084871847
2018-10-01,0.085915659
2018-09-30,0.086996944
2018-09-29,0.086291439
2018-09-28,0.088291064
2018-09-27,0.088286913
2018-09-26,0.082816883
2018-09-25,0.082657729
2018-09-24,0.091826305
2018-09-23,0.093326106
2018-09-22,0.088642162
2018-09-21,0.089930922
2018-09-20,0.082941705
2018-09-19,0.074018376
2018-09-18,0.070169362
2018-09-17,0.0702981
2018-09-16,0.069964235
2018-09-15,0.07052608
2018-09-14,0.070787861
2018-09-13,0.071174513
2018-09-12,0.07041623
2018-09-11,0.074759489
2018-09-10,0.078188352
2018-09-09,0.081150658
2018-09-08,0.084643159
2018-09-07,0.089551427
2018-09-06,0.088787367
2018-09-05,0.106067726
2018-09-04,0.106739429
2018-09-03,0.105358037
2018-09-02,0.107056701
2018-09-01,0.109058187
2018-08-31,0.102938664
2018-08-30,0.107395224
2018-08-29,0.108724825
2018-08-28,0.106776745
2018-08-27,0.100940872
2018-08-26,0.094665531
2018-08-25,0.094869525
2018-08-24,0.09443584
2018-08-23,0.093428507
2018-08-22,0.100565988
2018-08-21,0.096131401
2018-08-20,0.103824748
2018-08-19,0.10427235
2018-08-18,0.112549756
2018-08-17,0.109964634
2018-08-16,0.098392477
2018-08-15,0.101499375
2018-08-14,0.102902421
2018-08-13,0.114559223
2018-08-12,0.114489246
2018-08-11,0.116075973
2018-08-10,0.124782724
2018-08-09,0.12654794
2018-08-08,0.125477226
2018-08-07,0.133165983
2018-08-06,0.135907121
2018-08-05,0.132129302
2018-08-04,0.134484679
2018-08-03,0.134710404
2018-08-02,0.142018011
2018-08-01,0.144278402
2018-07-31,0.153987824
2018-07-30,0.162995643
2018-07-29,0.165135396
2018-07-28,0.166181411
2018-07-27,0.168731423
2018-07-26,0.174852358
2018-07-25,0.177111017
2018-07-24,0.176908601
2018-07-23,0.178380328
2018-07-22,0.177915093
2018-07-21,0.168052383
2018-07-20,0.183261965
2018-07-19,0.191281271
2018-07-18,0.194496695
2018-07-17,0.175528758
2018-07-16,0.159429626
2018-07-15,0.145126735
2018-07-14,0.139531469
2018-07-13,0.143063554
2018-07-12,0.131030513
2018-07-11,0.132984263
2018-07-10,0.140562409
2018-07-09,0.147306554
2018-07-08,0.149068668
2018-07-07,0.147398849
2018-07-06,0.147558261
2018-07-05,0.154105218
2018-07-04,0.157265836
2018-07-03,0.164290339
2018-07-02,0.162228756
2018-07-01,0.168325446
2018-06-30,0.138453263
2018-06-29,0.124685295
2018-06-28,0.128398634
2018-06-27,0.127974263
2018-06-26,0.135926207
2018-06-25,0.136708573
2018-06-24,0.13882753
2018-06-23,0.142698123
2018-06-22,0.159025738
2018-06-21,0.163955126
2018-06-20,0.167032301
2018-06-19,0.169334448
2018-06-18,0.166982355
2018-06-17,0.164476832
2018-06-16,0.16506679
2018-06-15,0.172513128
2018-06-14,0.174866236
2018-06-13,0.168107988
2018-06-12,0.18228925
2018-06-11,0.18170231
2018-06-10,0.204621893
2018-06-09,0.20964774
2018-06-08,0.211143717
2018-06-07,0.218637392
2018-06-06,0.220389388
2018-06-05,0.221740875
2018-06-04,0.239544477
2018-06-03,0.239544477
2018-06-02,0.239544477
2018-06-01,0.239544477
2018-05-31,0.239544477
2018-05-30,0.219009238
2018-05-29,0.209837332
2018-05-28,0.195466673
2018-05-27,0.197358627
2018-05-26,0.239544477
2018-05-25,0.211270988
2018-05-24,0.213375407
2018-05-23,0.227095231
2018-05-22,0.24956027
2018-05-21,0.261755616
2018-05-20,0.260266592
2018-05-19,0.248331764
2018-05-18,0.247372211
2018-05-17,0.26243653
2018-05-16,0.261007012
2018-05-15,0.280515342
2018-05-14,0.283557983
2018-05-13,0.282447899
2018-05-12,0.27827086
2018-05-11,0.295169444
2018-05-10,0.323098448
2018-05-09,0.324955551
2018-05-08,0.346535031
2018-05-07,0.348758446
2018-05-06,0.366678823
2018-05-05,0.375292553
2018-05-04,0.368997512
2018-05-03,0.388598774
2018-05-02,0.376814857
2018-05-01,0.360383243
2018-04-30,0.364349275
2018-04-29,0.38592432
2018-04-28,0.363832212
2018-04-27,0.305329691
2018-04-26,0.293485769
2018-04-25,0.312154983
2018-04-24,0.31940594
2018-04-23,0.288602092
2018-04-22,0.295642535
2018-04-21,0.305273975
2018-04-20,0.302004046
2018-04-19,0.273591376
2018-04-18,0.262685229
2018-04-17,0.272461364
2018-04-16,0.256439824
2018-04-15,0.227071656
2018-04-14,0.207984628
2018-04-13,0.220993404
2018-04-12,0.216459931
2018-04-11,0.168007459
2018-04-10,0.157757553
2018-04-09,0.164765596
2018-04-08,0.157928263
2018-04-07,0.150822461
2018-04-06,0.149074244
2018-04-05,0.15318893
2018-04-04,0.176371223
2018-04-03,0.17155736
2018-04-02,0.152766786
2018-04-01,0.157703345
2018-03-31,0.159092822
2018-03-30,0.149014969
2018-03-29,0.158509662
2018-03-28,0.162725791
2018-03-27,0.166293438
2018-03-26,0.183579173
2018-03-25,0.187537902
2018-03-24,0.200877911
2018-03-23,0.203481
2018-03-22,0.217550229
2018-03-21,0.224265653
2018-03-20,0.206894181
2018-03-19,0.187643592
2018-03-18,0.159021778
2018-03-17,0.176110329
2018-03-16,0.183027116
2018-03-15,0.196041254
2018-03-14,0.23016187
2018-03-13,0.226411603
2018-03-12,0.231693002
2018-03-11,0.222478147
2018-03-10,0.221832241
2018-03-09,0.218697103
2018-03-08,0.24830794
2018-03-07,0.279166954
2018-03-06,0.300556223
2018-03-05,0.317299128
2018-03-04,0.301255568
2018-03-03,0.307280875
2018-03-02,0.301617493
2018-03-01,0.322881836
2018-02-28,0.331695268
2018-02-27,0.35088017
2018-02-26,0.335135598
2018-02-25,0.340544572
2018-02-24,0.33279887
2018-02-23,0.34545666
2018-02-22,0.349464767
2018-02-21,0.398064516
2018-02-20,0.398996752
2018-02-19,0.385914252
2018-02-18,0.412485246
2018-02-17,0.427140061
2018-02-16,0.404730204
2018-02-15,0.402760049
2018-02-14,0.392062606
2018-02-13,0.371228739
2018-02-12,0.379042775
2018-02-11,0.387559487
2018-02-10,0.435665816
2018-02-09,0.383307849
2018-02-08,0.364573423
2018-02-07,0.378634051
2018-02-06,0.368292259
2018-02-05,0.391300249
2018-02-04,0.480495164
2018-02-03,0.501159723
2018-02-02,0.412510681
2018-02-01,0.523336817
2018-01-31,0.570027836
2018-01-30,0.615819506
2018-01-29,0.66609685
2018-01-28,0.659489634
2018-01-27,0.64448863
2018-01-26,0.65368375
2018-01-25,0.687422185
2018-01-24,0.563633619
2018-01-23,0.58800461
2018-01-22,0.631580426
2018-01-21,0.71380369
2018-01-20,0.740795011
2018-01-19,0.683827643
2018-01-18,0.702241398
2018-01-17,0.679604736
2018-01-16,0.788655055
2018-01-15,0.880852092
2018-01-14,0.889339426
2018-01-13,0.970790048
2018-01-12,0.940490804
2018-01-11,0.789126322
2018-01-10,0.850814873
2018-01-09,1.078403866
2018-01-08,1.146963784
2018-01-07,1.038848345
2018-01-06,1.057892055
2018-01-05,1.253929504
2018-01-04,1.32591153
2018-01-03,1.101660437
2018-01-02,0.808825767
2018-01-01,0.731872207
2017-12-31,0.761601656
2017-12-30,0.742800394
2017-12-29,0.559057296
2017-12-28,0.422658808
2017-12-27,0.438404205
2017-12-26,0.435952808
2017-12-25,0.439733625
2017-12-24,0.404562287
2017-12-23,0.440748845
2017-12-22,0.479054131
2017-12-21,0.523555891
2017-12-20,0.538773194
2017-12-19,0.59644681
2017-12-18,0.515875479
2017-12-17,0.555614586
2017-12-16,0.436143709
2017-12-15,0.226711084
2017-12-14,0.225641286
2017-12-13,0.137025069
2017-12-12,0.134576877
2017-12-11,0.121758738
2017-12-10,0.120847727
2017-12-09,0.141521843
2017-12-08,0.122969877
2017-12-07,0.128536182
2017-12-06,0.137172517
2017-12-05,0.136222301
2017-12-04,0.142153122
2017-12-03,0.138828377
2017-12-02,0.141014374
2017-12-01,0.131560017
2017-11-30,0.131174844
2017-11-29,0.151001061
2017-11-28,0.134491614
2017-11-27,0.05591752
2017-11-26,0.039549198
2017-11-25,0.030519448
2017-11-24,0.028741027
2017-11-23,0.028701428
2017-11-22,0.029072237
2017-11-21,0.029673467
2017-11-20,0.031846163
2017-11-19,0.028399441
2017-11-18,0.027105056
2017-11-17,0.027588792
2017-11-16,0.028178532
2017-11-15,0.028024409
2017-11-14,0.026940925
2017-11-13,0.026608822
2017-11-12,0.027773672
2017-11-11,0.029954944
2017-11-10,0.033350154
2017-11-09,0.035024464
2017-11-08,0.026682502
2017-11-07,0.023567813
2017-11-06,0.023879454
2017-11-05,0.023006748
2017-11-04,0.023834573
2017-11-03,0.023210861
2017-11-02,0.025136484
2017-11-01,0.030430445
2017-10-31,0.030557553
2017-10-30,0.028732328
2017-10-29,0.029387056
2017-10-28,0.026817095
2017-10-27,0.027344789
2017-10-26,0.027484613
2017-10-25,0.027868697
2017-10-24,0.029090866
2017-10-23,0.028215838
2017-10-22,0.028784668
2017-10-21,0.030873409
2017-10-20,0.030821254
2017-10-19,0.026925101
2017-10-18,0.02748554
2017-10-17,0.029288577
2017-10-16,0.03065937
2017-10-15,0.033622196
2017-10-14,0.037957798
2017-10-13,0.034053988
2017-10-12,0.026940024
2017-10-11,0.022606052
2017-10-10,0.02227002
2017-10-09,0.022677377
2017-10-08,0.023132328
2017-10-07,0.021241867
2017-10-06,0.021575767
2017-10-05,0.022244946
2017-10-04,0.022962098
2017-10-03,0.027171562
2017-10-02,0.0300877
